Atomic_Number,Element,Nome,Symbol,Atomic_Weight,Period,Group,Phase,Type,Ionic_Radius,Atomic_Radius,Electronegativity,First_Ionization_Potential,Density,Melting_Point(K),Boiling_Point(K),Isotopes,Year_Discovery,Specific_Heat_Capacity,Display_Row,Display_Column
1,Hydrogen,Idrogeno,H,1.00794,1,1,gas,Nonmetal,0.012,0.79,2.2,13.5984,0.00008988,14.175,20.28,3,1766,14.304,1,1
2,Helium,Elio,He,4.002602,1,18,gas,Noble Gas,null,0.49,null,24.5874,0.0001785,null,4.22,5,1868,5.193,1,18
3,Lithium,Litio,Li,6.941,2,1,solid,Alkali Metal,0.76,2.1,0.98,5.3917,0.534,453.85,1615,5,1817,3.582,2,1
4,Beryllium,Berillio,Be,9.012182,2,2,solid,Alkaline Earth Metal,0.35,1.4,1.57,9.3227,1.85,1560.15,2742,6,1798,1.825,2,2
5,Boron,Boro,B,10.811,2,13,solid,Metalloid,0.23,1.2,2.04,8.298,2.34,2573.15,4200,6,1808,1.026,2,13
6,Carbon,Carbonio,C,12.0107,2,14,solid,Nonmetal,null,0.91,2.55,11.2603,2.267,3948.15,4300,7,null,0.709,2,14
7,Nitrogen,Azoto,N,14.0067,2,15,gas,Nonmetal,0.13,0.75,3.04,14.5341,0.0012506,63.29,77.36,8,1772,1.04,2,15
8,Oxygen,Ossigeno,O,15.9994,2,16,gas,Nonmetal,1.4,0.65,3.44,13.6181,0.001429,50.5,90.2,8,1774,0.918,2,16
9,Fluorine,Fluoro,F,18.9984032,2,17,gas,Halogen,1.3,0.57,3.98,17.4228,0.001696,53.63,85.03,6,1886,0.824,2,17
10,Neon,Neon,Ne,20.1797,2,18,gas,Noble Gas,null,0.51,null,21.5645,0.0008999,24.703,27.07,8,1898,1.03,2,18
11,Sodium,Sodio,Na,22.98976928,3,1,solid,Alkali Metal,1,2.2,0.93,5.1391,0.971,371.15,1156,7,1807,1.228,3,1
12,Magnesium,Magnesio,Mg,24.305,3,2,solid,Alkaline Earth Metal,0.72,1.7,1.31,7.6462,1.738,923.15,1363,8,1755,1.023,3,2
13,Aluminum,Alluminio,Al,26.9815386,3,13,solid,Metal,0.54,1.8,1.61,5.9858,2.698,933.4,2792,8,1827,0.897,3,13
14,Silicon,Silicio,Si,28.0855,3,14,solid,Metalloid,0.4,1.5,1.9,8.1517,2.3296,1683.15,3538,8,1824,0.705,3,14
15,Phosphorus,Fosforo,P,30.973762,3,15,solid,Nonmetal,0.38,1.2,2.19,10.4867,1.82,317.25,553,7,1669,0.769,3,15
16,Sulfur,Zolfo,S,32.065,3,16,solid,Nonmetal,0.37,1.1,2.58,10.36,2.067,388.51,717.8,10,null,0.71,3,16
17,Chlorine,Cloro,Cl,35.453,3,17,gas,Halogen,1.8,0.97,3.16,12.9676,0.003214,172.31,239.11,11,1774,0.479,3,17
18,Argon,Argon,Ar,39.948,3,18,gas,Noble Gas,null,0.88,null,15.7596,0.0017837,83.96,87.3,8,1894,0.52,3,18
19,Potassium,Potassio,K,39.0983,4,1,solid,Alkali Metal,1.4,2.8,0.82,4.3407,0.862,336.5,1032,10,1807,0.757,4,1
20,Calcium,Calcio,Ca,40.078,4,2,solid,Alkaline Earth Metal,0.99,2.2,1,6.1132,1.54,1112.15,1757,14,1808,0.647,4,2
21,Scandium,Scandio,Sc,44.955912,4,3,solid,Transition Metal,0.75,2.1,1.36,6.5615,2.989,1812.15,3109,15,1878,0.568,4,3
22,Titanium,Titanio,Ti,47.867,4,4,solid,Transition Metal,0.61,2,1.54,6.8281,4.54,1933.15,3560,9,1791,0.523,4,4
23,Vanadium,Vanadio,V,50.9415,4,5,solid,Transition Metal,0.59,1.9,1.63,6.7462,6.11,2175.15,3680,9,1801,0.489,4,5
24,Chromium,Cromo,Cr,51.9961,4,6,solid,Transition Metal,0.52,1.9,1.66,6.7665,7.15,2130.15,2944,9,1797,0.449,4,6
25,Manganese,Manganese,Mn,54.938045,4,7,solid,Transition Metal,0.46,1.8,1.55,7.434,7.44,1519.15,2334,11,1774,0.479,4,7
26,Iron,Ferro,Fe,55.845,4,8,solid,Transition Metal,0.65,1.7,1.83,7.9024,7.874,1808.15,3134,10,null,0.449,4,8
27,Cobalt,Cobalto,Co,58.933195,4,9,solid,Transition Metal,0.75,1.7,1.88,7.881,8.86,1768.15,3200,14,1735,0.421,4,9
28,Nickel,Nichel,Ni,58.6934,4,10,solid,Transition Metal,0.69,1.6,1.91,7.6398,8.912,1726.15,3186,11,1751,0.444,4,10
29,Copper,Rame,Cu,63.546,4,11,solid,Transition Metal,0.73,1.6,1.9,7.7264,8.96,1357.75,2835,11,null,0.385,4,11
30,Zinc,Zinco,Zn,65.38,4,12,solid,Transition Metal,0.74,1.5,1.65,9.3942,7.134,692.88,1180,15,null,0.388,4,12
31,Gallium,Gallio,Ga,69.723,4,13,solid,Metal,0.62,1.8,1.81,5.9993,5.907,302.91,2477,14,1875,0.371,4,13
32,Germanium,Germanio,Ge,72.64,4,14,solid,Metalloid,0.53,1.5,2.01,7.8994,5.323,1211.45,3106,17,1886,0.32,4,14
33,Arsenic,Arsenico,As,74.9216,4,15,solid,Metalloid,0.58,1.3,2.18,9.7886,5.776,1090.15,887,14,1250,0.329,4,15
34,Selenium,Selenio,Se,78.96,4,16,solid,Nonmetal,0.5,1.2,2.55,9.7524,4.809,494.15,958,20,1817,0.321,4,16
35,Bromine,Bromo,Br,79.904,4,17,liq,Halogen,2,1.1,2.96,11.8138,3.122,266.05,332,19,1826,0.474,4,17
36,Krypton,Krypton,Kr,83.798,4,18,gas,Noble Gas,null,1,null,13.9996,0.003733,115.93,119.93,23,1898,0.248,4,18
37,Rubidium,Rubidio,Rb,85.4678,5,1,solid,Alkali Metal,1.5,3,0.82,4.1771,1.532,312.79,961,20,1861,0.363,5,1
38,Strontium,Stronzio,Sr,87.62,5,2,solid,Alkaline Earth Metal,1.1,2.5,0.95,5.6949,2.64,1042.15,1655,18,1808,0.301,5,2
39,Yttrium,Ittrio,Y,88.90585,5,3,solid,Transition Metal,0.9,2.3,1.22,6.2173,4.469,1799.15,3609,21,1794,0.298,5,3
40,Zirconium,Zirconio,Zr,91.224,5,4,solid,Transition Metal,0.72,2.2,1.33,6.6339,6.506,2125.15,4682,20,1789,0.278,5,4
41,Niobium,Niobio,Nb,92.90638,5,5,solid,Transition Metal,0.69,2.1,1.6,6.7589,8.57,2741.15,5017,24,1801,0.265,5,5
42,Molybdenum,Molibdeno,Mo,95.96,5,6,solid,Transition Metal,0.65,2,2.16,7.0924,10.22,2890.15,4912,20,1778,0.251,5,6
43,Technetium,Tecnezio,Tc,98,5,7,artificial,Transition Metal,0.56,2,1.9,7.28,11.5,2473.15,5150,23,1937,null,5,7
44,Ruthenium,Rutenio,Ru,101.07,5,8,solid,Transition Metal,0.68,1.9,2.2,7.3605,12.37,2523.15,4423,16,1844,0.238,5,8
45,Rhodium,Rodio,Rh,102.9055,5,9,solid,Transition Metal,0.68,1.8,2.28,7.4589,12.41,2239.15,3968,20,1803,0.243,5,9
46,Palladium,Palladio,Pd,106.42,5,10,solid,Transition Metal,0.86,1.8,2.2,8.3369,12.02,1825.15,3236,21,1803,0.244,5,10
47,Silver,Argento,Ag,107.8682,5,11,solid,Transition Metal,1.3,1.8,1.93,7.5762,10.501,1234.15,2435,27,null,0.235,5,11
48,Cadmium,Cadmio,Cd,112.411,5,12,solid,Transition Metal,0.97,1.7,1.69,8.9938,8.69,594.33,1040,22,1817,0.232,5,12
49,Indium,Indio,In,114.818,5,13,solid,Metal,0.8,2,1.78,5.7864,7.31,429.91,2345,34,1863,0.233,5,13
50,Tin,Lattina,Sn,118.71,5,14,solid,Metal,0.69,1.7,1.96,7.3439,7.287,505.21,2875,28,null,0.228,5,14
51,Antimony,Antimonio,Sb,121.76,5,15,solid,Metalloid,0.76,1.5,2.05,8.6084,6.685,904.05,1860,29,null,0.207,5,15
52,Tellurium,Tellurio,Te,127.6,5,16,solid,Metalloid,0.97,1.4,2.1,9.0096,6.232,722.8,1261,29,1782,0.202,5,16
53,Iodine,Iodio,I,126.90447,5,17,solid,Halogen,2.2,1.3,2.66,10.4513,4.93,386.65,457.4,24,1811,0.214,5,17
54,Xenon,Xeno,Xe,131.293,5,18,gas,Noble Gas,null,1.2,null,12.1298,0.005887,161.45,165.03,31,1898,0.158,5,18
55,Cesium,Cesio,Cs,132.9054519,6,1,solid,Alkali Metal,1.7,3.3,0.79,3.8939,1.873,301.7,944,22,1860,0.242,6,1
56,Barium,Bario,Ba,137.327,6,2,solid,Alkaline Earth Metal,1.4,2.8,0.89,5.2117,3.594,1002.15,2170,25,1808,0.204,6,2
57,Lanthanum,Lantanio,La,138.90547,6,3,solid,Lanthanide,1.1,2.7,1.1,5.5769,6.145,1193.15,3737,19,1839,0.195,8,3
58,Cerium,Cerio,Ce,140.116,6,19,solid,Lanthanide,1,2.7,1.12,5.5387,6.77,1071.15,3716,19,1803,0.192,8,4
59,Praseodymium,Praseodimio,Pr,140.90765,6,20,solid,Lanthanide,1,2.7,1.13,5.473,6.773,1204.15,3793,15,1885,0.193,8,5
60,Neodymium,Neodimio,Nd,144.242,6,21,solid,Lanthanide,1,2.6,1.14,5.525,7.007,1289.15,3347,16,1885,0.19,8,6
61,Promethium,Promezio,Pm,145,6,22,artificial,Lanthanide,0.98,2.6,1.13,5.582,7.26,1204.15,3273,14,1945,null,8,7
62,Samarium,Samario,Sm,150.36,6,23,solid,Lanthanide,0.96,2.6,1.17,5.6437,7.52,1345.15,2067,17,1879,0.197,8,8
63,Europium,Europio,Eu,151.964,6,24,solid,Lanthanide,0.95,2.6,1.2,5.6704,5.243,1095.15,1802,21,1901,0.182,8,9
64,Gadolinium,Gadolinio,Gd,157.25,6,25,solid,Lanthanide,0.94,2.5,1.2,6.1501,7.895,1585.15,3546,17,1880,0.236,8,10
65,Terbium,Terbio,Tb,158.92535,6,26,solid,Lanthanide,0.92,2.5,1.2,5.8638,8.229,1630.15,3503,24,1843,0.182,8,11
66,Dysprosium,Disprosio,Dy,162.5,6,27,solid,Lanthanide,0.91,2.5,1.22,5.9389,8.55,1680.15,2840,21,1886,0.17,8,12
67,Holmium,Olmio,Ho,164.93032,6,28,solid,Lanthanide,0.9,2.5,1.23,6.0215,8.795,1743.15,2993,29,1878,0.165,8,13
68,Erbium,Erbio,Er,167.259,6,29,solid,Lanthanide,0.88,2.5,1.24,6.1077,9.066,1795.15,3503,16,1843,0.168,8,14
69,Thulium,Tulio,Tm,168.93421,6,30,solid,Lanthanide,0.87,2.4,1.25,6.1843,9.321,1818.15,2223,18,1879,0.16,8,15
70,Ytterbium,Itterbio,Yb,173.054,6,31,solid,Lanthanide,0.86,2.4,1.1,6.2542,6.965,1097.15,1469,16,1878,0.155,8,16
71,Lutetium,Lutezio,Lu,174.9668,6,32,solid,Lanthanide,0.85,2.3,1.27,5.4259,9.84,1936.15,3675,22,1907,0.154,8,17
72,Hafnium,Afnio,Hf,178.49,6,4,solid,Transition Metal,0.71,2.2,1.3,6.8251,13.31,2500.15,4876,17,1923,0.144,6,4
73,Tantalum,Tantalio,Ta,180.94788,6,5,solid,Transition Metal,0.64,2.1,1.5,7.5496,16.654,3269.15,5731,19,1801,0.14,6,5
74,Wolfram,Tungsteno,W,183.84,6,6,solid,Transition Metal,0.62,2,2.36,7.864,19.25,3680.15,5828,22,1783,0.132,6,6
75,Rhenium,Renio,Re,186.207,6,7,solid,Transition Metal,0.56,2,1.9,7.8335,21.02,3453.15,5869,21,1925,0.137,6,7
76,Osmium,Osmio,Os,190.23,6,8,solid,Transition Metal,0.63,1.9,2.2,8.4382,22.61,3300.15,5285,19,1803,0.13,6,8
77,Iridium,Iridio,Ir,192.217,6,9,solid,Transition Metal,0.63,1.9,2.2,8.967,22.56,2716.15,4701,25,1804,0.131,6,9
78,Platinum,Platino,Pt,195.084,6,10,solid,Transition Metal,0.63,1.8,2.28,8.9587,21.46,2045.15,4098,32,1735,0.133,6,10
79,Gold,Oro,Au,196.966569,6,11,solid,Transition Metal,0.85,1.8,2.54,9.2255,19.282,1337.73,3129,21,null,0.129,6,11
80,Mercury,Mercurio,Hg,200.59,6,12,liq,Transition Metal,1,1.8,2,10.4375,13.5336,234.43,630,26,null,0.14,6,12
81,Thallium,Tallio,Tl,204.3833,6,13,solid,Metal,1.5,2.1,2.04,6.1082,11.85,577.15,1746,28,1861,0.129,6,13
82,Lead,Guida,Pb,207.2,6,14,solid,Metal,1.2,1.8,2.33,7.4167,11.342,600.75,2022,29,null,0.129,6,14
83,Bismuth,Bismuto,Bi,208.9804,6,15,solid,Metal,1,1.6,2.02,7.2856,9.807,544.67,1837,19,1753,0.122,6,15
84,Polonium,Polonio,Po,210,6,16,solid,Metalloid,2.3,1.5,2,8.417,9.32,527.15,1235,34,1898,null,6,16
85,Astatine,Astato,At,210,6,17,solid,Noble Gas,null,1.4,2.2,9.3,7,575.15,610,21,1940,null,6,17
86,Radon,Radon,Rn,222,6,18,gas,Alkali Metal,null,1.3,null,10.7485,0.00973,202.15,211.3,20,1900,0.094,6,18
87,Francium,Francio,Fr,223,7,1,solid,Alkaline Earth Metal,1.8,null,0.7,4.0727,1.87,300.15,950,21,1939,null,7,1
88,Radium,Radio,Ra,226,7,2,solid,Actinide,1.4,null,0.9,5.2784,5.5,973.15,2010,15,1898,null,7,2
89,Actinium,Attinio,Ac,227,7,3,solid,Actinide,1.1,null,1.1,5.17,10.07,1323.15,3471,11,1899,0.12,9,3
90,Thorium,Torio,Th,232.03806,7,19,solid,Actinide,0.97,null,1.3,6.3067,11.72,2028.15,5061,12,1828,0.113,9,4
91,Protactinium,Protoattinio,Pa,231.03588,7,20,solid,Actinide,0.78,null,1.5,5.89,15.37,1873.15,4300,14,1917,null,9,5
92,Uranium,Uranio,U,238.02891,7,21,solid,Actinide,0.52,null,1.38,6.1941,18.95,1405.15,4404,15,1841,0.116,9,6
93,Neptunium,Nettunio,Np,237,7,22,artificial,Actinide,0.75,null,1.36,6.2657,20.45,913.15,4273,153,1940,null,9,7
94,Plutonium,Plutonio,Pu,244,7,23,artificial,Actinide,0.89,null,1.28,6.0262,19.84,913.15,3501,163,1940,null,9,8
95,Americium,Americio,Am,243,7,24,artificial,Actinide,0.98,null,1.3,5.9738,13.69,1267.15,2880,133,1944,null,9,9
96,Curium,Curio,Cm,247,7,25,artificial,Actinide,0.97,null,1.3,5.9915,13.51,1340.15,3383,133,1944,null,9,10
97,Berkelium,Berkelio,Bk,247,7,26,artificial,Actinide,0.95,null,1.3,6.1979,14.79,1259.15,983,83,1949,null,9,11
98,Californium,Californio,Cf,251,7,27,artificial,Actinide,0.93,null,1.3,6.2817,15.1,1925.15,1173,123,1950,null,9,12
99,Einsteinium,Einsteinio,Es,252,7,28,artificial,Actinide,null,null,1.3,6.42,13.5,1133.15,null,123,1952,null,9,13
100,Fermium,Fermio,Fm,257,7,29,artificial,Actinide,null,null,1.3,6.5,null,null,null,103,1953,null,9,14
101,Mendelevium,Mendelevio,Md,258,7,30,artificial,Actinide,null,null,1.3,6.58,null,null,null,33,1955,null,9,15
102,Nobelium,Nobelio,No,259,7,31,artificial,Actinide,null,null,1.3,6.65,null,null,null,73,1958,null,9,16
103,Lawrencium,Lawrencio,Lr,262,7,32,artificial,Actinide,null,null,null,null,null,null,null,203,1961,null,9,17
104,Rutherfordium,Rutherfordio,Rf,261,7,4,artificial,Transactinide,null,null,null,null,18.1,null,null,null,1969,null,7,4
105,Dubnium,Dubnio,Db,262,7,5,artificial,Transactinide,null,null,null,null,39,null,null,null,1970,null,7,5
106,Seaborgium,Seaborgio,Sg,266,7,6,artificial,Transactinide,null,null,null,null,35,null,null,null,1974,null,7,6
107,Bohrium,Bohrio,Bh,264,7,7,artificial,Transactinide,null,null,null,null,37,null,null,null,1981,null,7,7
108,Hassium,Assio,Hs,267,7,8,artificial,Transactinide,null,null,null,null,41,null,null,null,1983,null,7,8
109,Meitnerium,Meitnerio,Mt,268,7,9,artificial,Transactinide,null,null,null,null,35,null,null,null,1982,null,7,9
110,Darmstadtium ,Darmstadio,Ds ,271,7,10,artificial,Transactinide,null,null,null,null,null,null,null,null,null,null,7,10
111,Roentgenium ,Roentgenio,Rg ,272,7,11,artificial,Transactinide,null,null,null,null,null,null,null,null,null,null,7,11
112,Copernicium ,Copernicio,Cn ,285,7,12,artificial,Transactinide,null,null,null,null,null,null,null,null,null,null,7,12
113,Ununtrium ,Nihonium,Uut ,284,7,13,artificial,null,null,null,null,null,null,null,null,null,null,null,7,13
114,Ununquadium ,Flerovium,Uuq ,289,7,14,artificial,Transactinide,null,null,null,null,null,null,null,null,null,null,7,14
115,Ununpentium ,Mosca,Uup ,288,7,15,artificial,null,null,null,null,null,null,null,null,null,null,null,7,15
116,Ununhexium ,Livermorio,Uuh ,292,7,16,artificial,Transactinide,null,null,null,null,null,null,null,null,null,null,7,16
117,Ununseptium ,Tennessee,Uus ,295,7,17,artificial,null,null,null,null,null,null,null,null,null,null,null,7,17
118,Ununoctium ,Oganesson,Uuo ,294,7,18,artificial,Noble Gas,null,null,null,null,null,null,null,null,null,null,7,18
119,Ununennium,Ununennio,Uue,null,8,1,artificial,Alkali Metal,null,null,0.86,null,3,288,903,null,null,null,null,null
